"","Location","Year","Period","newyear","oldyear","prod_growth","area_growth","yield_growth","prod_change_area","prod_change_yield","prod_change_total","ps_area","ps_yield"
"1","PHILIPPINES",1988,"Annual",1988,1987,0.0504901021703889,0.0420068183912282,0.00814129392383251,390430.73470298,40747.2652970199,431178,0.905497809960109,0.0945021900398907
"2","PHILIPPINES",1989,"Annual",1989,1988,0.0543685619154099,0.030834121797876,0.022830482247219,337848.375310858,149893.624689143,487742.000000001,0.69267845564019,0.30732154435981
"3","PHILIPPINES",1990,"Annual",1990,1989,-0.0147477917852339,-0.0510568213011254,0.0382625960446609,-435570.391183552,296074.391183552,-139496,3.12245792842484,-2.12245792842484
"4","PHILIPPINES",1991,"Annual",1991,1990,0.0379842811823579,0.0320123421078006,0.00578669346372374,283516.204977447,70469.7950225525,353985.999999999,0.800924909395986,0.199075090604014
"5","PHILIPPINES",1992,"Annual",1992,1991,-0.0562707802187101,-0.0662460291507054,0.0106829520873923,-570757.635849196,26435.6358491961,-544322,1.04856617195189,-0.048566171951889
"6","PHILIPPINES",1993,"Annual",1993,1992,0.0334395888241132,0.0263533943909921,0.00690424416370335,224222.928081581,81045.0719184191,305268,0.73451173421905,0.26548826578095
"7","PHILIPPINES",1994,"Annual",1994,1993,0.117004628263443,0.112474294331805,0.00407230437118472,1037234.79317131,66611.2068286917,1103846,0.939655344288341,0.0603446557116588
"8","PHILIPPINES",1995,"Annual",1995,1994,0.000246250398792794,0.029346876514776,-0.0282709616941899,358132.728688166,-355537.728688167,2594.99999999953,138.008758646717,-137.008758646717
"9","PHILIPPINES",1996,"Annual",1996,1995,0.0704813337395069,0.0512000055338414,0.0183422071006114,585532.894794877,157386.105205124,742919,0.788151729589466,0.211848270410534
"10","PHILIPPINES",1997,"Annual",1997,1996,-0.00129436008184645,-0.0275530885294761,0.0270027372578328,-209636.561199806,195031.561199806,-14605,14.3537529065256,-13.3537529065256
"11","PHILIPPINES",1998,"Annual",1998,1997,-0.240850821854682,-0.174955950518834,-0.0798683068828703,-1642237.1185795,-1071901.8814205,-2714139,0.605067433384769,0.394932566615231
"12","PHILIPPINES",1999,"Annual",1999,1998,0.377775276265181,0.261762146999945,0.0919453238798429,2361705.27142664,870095.728573362,3231801,0.730770635762115,0.269229364237885
"13","PHILIPPINES",2000,"Annual",2000,1999,0.0511416117845439,0.00956188486586585,0.0411859119703222,133766.409843971,469020.590156029,602787,0.221913229455796,0.778086770544204
"14","PHILIPPINES",2001,"Annual",2001,2000,0.0456404226447551,0.0067744983079851,0.0386043989017295,93514.9366460532,471943.063353947,565458.000000001,0.165379102684997,0.834620897315003
"15","PHILIPPINES",2002,"Annual",2002,2001,0.0243756209054973,-0.00470379474207103,0.0292168456927176,-72044.4963119253,387827.496311925,315782.999999999,-0.228145581972195,1.22814558197219
"16","PHILIPPINES",2003,"Annual",2003,2002,0.0172735282883216,-0.00986007525854369,0.0274038071477123,-85404.2894333259,314635.289433327,229231.000000001,-0.372568672794367,1.37256867279437
"17","PHILIPPINES",2004,"Annual",2004,2003,0.073845078965123,0.0300078299310033,0.0425601124188116,412696.104132342,584203.895867658,996900,0.413979440397574,0.586020559602426
"18","PHILIPPINES",2005,"Annual",2005,2004,0.00732721133183746,-0.0136246272698524,0.0212412426150687,-148802.91458968,255023.914589678,106220.999999998,-1.40088037760595,2.40088037760595
"19","PHILIPPINES",2006,"Annual",2006,2005,0.0495583614468392,0.021990108639868,0.0269750681282629,297729.466115799,425971.533884203,723701.000000002,0.411398445097904,0.588601554902096
"20","PHILIPPINES",2007,"Annual",2007,2006,0.0596010649646441,0.0271540626885549,0.0315892264410267,444674.342436274,468813.657563724,913487.999999998,0.486787283944918,0.513212716055082
"21","PHILIPPINES",2008,"Annual",2008,2007,0.0354277787568301,0.0437848958866004,-0.00800655112246251,691984.404434993,-116630.404434991,575354.000000003,1.20271068669895,-0.202710686698954
"22","PHILIPPINES",2009,"Annual",2009,2008,-0.03265617629589,0.0162182450716674,-0.0480944143687468,230851.555795675,-779983.055795676,-549131.500000001,-0.420393941698253,1.42039394169825
"23","PHILIPPINES",2010,"Annual",2010,2009,-0.0303753134564088,-0.0393064463816464,0.00929654715762328,-556217.555901345,62120.0559013445,-494097.500000001,1.12572428701085,-0.125724287010852
"24","PHILIPPINES",2011,"Annual",2011,2010,0.0578065280064396,0.0419095665043162,0.0152575252336523,607787.668234984,303955.331765016,911743,0.666621699574314,0.333378300425686
"25","PHILIPPINES",2012,"Annual",2012,2011,0.0808234511475682,0.0338177819629585,0.0454680408914594,574376.962927567,774086.507072434,1348463.47,0.425949219764601,0.574050780235399
"26","PHILIPPINES",2013,"Annual",2013,2012,0.022564463345799,0.0119465776605212,0.0104925357915879,260097.875047112,146796.384952887,406894.259999998,0.639227191475035,0.360772808524965
"27","PHILIPPINES",2014,"Annual",2014,2013,0.0286563486127663,-0.00135252137529959,0.0300495125961695,3061.72114843238,525344.718851569,528406.440000001,0.00579425403754044,0.99420574596246
"28","PHILIPPINES",2015,"Annual",2015,2014,-0.0431250467327538,-0.0176056522862966,-0.0259767317532391,-273858.513366584,-544129.876633416,-817988.39,0.334795110437428,0.665204889562572
"29","PHILIPPINES",2016,"Annual",2016,2015,-0.0287932578976472,-0.021516207647894,-0.00743706774361627,-364678.208890662,-157914.751109336,-522592.959999998,0.697824572475418,0.302175427524582
"30","PHILIPPINES",2017,"Annual",2017,2016,0.0935541445551897,0.0561375280674218,0.0354277880421831,944695.586000929,704406.223999071,1649101.81,0.572854617145153,0.427145382854847
"31","PHILIPPINES",2018,"Annual",2018,2017,-0.0109072893342133,-0.00236952109165402,-0.00855804671475319,-46694.9857074298,-163557.704292571,-210252.690000001,0.22208983726881,0.77791016273119
"32","PHILIPPINES",2019,"Annual",2019,2018,-0.0131787171924529,-0.031021629672168,0.0184141494032301,-496839.498612303,245572.848612304,-251266.649999999,1.97733960560347,-0.977339605603468
"33","PHILIPPINES",2020,"Annual",2020,2019,0.025513294533948,0.0144913618608552,0.0108644913968271,205907.235425908,274120.994574089,480028.229999997,0.428948179622497,0.571051820377503
"34","PHILIPPINES",2021,"Annual",2021,2020,0.034481454378095,0.0182630361754798,0.0159275330896135,383546.519906567,281768.160093436,665314.680000004,0.576488887794517,0.423511112205483
"35","PHILIPPINES",2022,"Annual",2022,2021,-0.0102031589942071,-0.000101324068977675,-0.0101028585879698,6288.68425364397,-209945.484253646,-203656.800000002,-0.030878832691292,1.03087883269129
"36","PHILIPPINES",2023,"Annual",2023,2022,0.0153391721436032,0.00233571826564309,0.0129731522492883,89568.3254747726,213480.234525228,303048.560000001,0.295557667308409,0.704442332691591
"37","PHILIPPINES",2024,"Annual",2024,2023,-0.0484769573702098,-0.0352778208926877,-0.0136818005881605,-676225.051198792,-296201.46880121,-972426.520000002,0.695399639243477,0.304600360756523
"38","PHILIPPINES",2025,"Annual",2025,2024,0.0307670347996267,0.0221620560440909,0.00841840949255947,459557.927905805,127696.622094196,587254.550000001,0.782553201002537,0.217446798997463
